﻿<?xml version="1.0" encoding="utf-8" ?>
<Titles>
  <SageTitle title="ThisShowName">
    <WriteNFO>true</WriteNFO>
    <TVFileRenamParams>{ShowTitle} {OriginalAiringDate}</TVFileRenamParams>
    <TVFolderRenamParams>{ShowTitle} ({ShowYear})</TVFolderRenamParams>
  </SageTitle>
  <SageTitle title="thisShowTitleDefaults">
  <WriteNFO>true</WriteNFO>
    <TVFileRenamParams>Default</TVFileRenamParams>
    <TVFolderRenamParams>Default</TVFolderRenamParams>
  </SageTitle>
  <SageTitle title="ThisShowTitleonlyHasNFO">
    <WriteNFO>true</WriteNFO>
  </SageTitle>
</Titles>
